,pi_ID,bee_ID,Date,Time,LR,distSC,meanAct,meanIBD,meanSpeed,meanX,meanY,medianMinDistToOthers,totalInt,totalIntFrames,trackedFrames,varSpeed,PropBroodTime,PropInactiveTime,PropLarvaeTime,PropNectarTime,PropPupaeTime,PropWaxPotTime,meanBroodDistM,meanEggDistM,meanLarvaeDistM,meanNectarDistM,meanPollenDistM,meanPupaeDistM,meanWaxPotDistM,medianClosesWaxPotDistM,medianClosestBroodDistM
0,raspberrypi,216.0,2023-08-31,17:55:01,Whole,830.0499935077302,,5.449346156798374,,1644.0,398.75,2.3859939218193573,0,12,1,,0.0,1.0,,0.0,0.0,0.0,680.6914717974146,,,1648.5113973067478,548.2489828724032,680.6914717974146,1023.8757195860234,706.9799352507137,356.8835990920735
1,raspberrypi,240.0,2023-08-31,17:55:01,Whole,699.2864599839328,1.0,5.29962924083824,87.77542347928339,2491.270161290323,1161.306451612903,1.5304091851640889,4,782,62,6690.798850682735,0.5569620253164557,0.22784810126582278,,0.0,0.5569620253164557,0.05063291139240506,447.03416897159207,,,1090.14091737635,1595.837024453713,447.03416897159207,742.2009573465841,588.9697558242462,172.9847540103126
2,raspberrypi,242.0,2023-08-31,17:55:01,Whole,451.35304438838796,0.9615384615384616,4.680192091211108,40.342649428463055,2253.4953703703704,1344.6273148148148,1.4608322048736897,15,675,54,1831.542317086605,0.5822784810126582,0.31645569620253167,,0.0,0.5822784810126582,0.0759493670886076,377.8240935026259,,,825.292605634135,1466.0372311889337,377.8240935026259,494.30236825256566,341.68020161179385,33.94298413851726
3,raspberrypi,243.0,2023-08-31,17:55:01,Whole,508.225634422133,1.0,4.962531347600981,48.1894004144753,2091.703703703704,1642.101851851852,1.4885219895509574,0,327,27,5300.0140436800375,0.34177215189873417,0.6582278481012658,,0.0,0.34177215189873417,0.34177215189873417,536.9173818537416,,,473.6679868469229,1530.9725798405145,536.9173818537416,343.2766363555423,106.84439678922489,15.317311058323412
4,raspberrypi,244.0,2023-08-31,17:55:01,Whole,824.2786836860922,1.0,5.397881964649421,140.431513323967,2170.4665178571427,1281.622767857143,1.2847130340045625,20,682,56,10676.834885427023,0.379746835443038,0.2911392405063291,,0.11392405063291139,0.379746835443038,0.06329113924050633,650.2917377290628,,,987.0885382135613,1501.9799872763176,650.2917377290628,829.7262821227135,738.6223903101841,178.99613899768815
5,raspberrypi,245.0,2023-08-31,17:55:01,Whole,1193.7347758939345,0.9166666666666666,7.229342202272561,114.17974364717354,930.8253424657535,1379.9212328767123,1.578272269561833,7,885,73,11047.384666109014,0.1518987341772152,0.08860759493670886,,0.0,0.1518987341772152,0.0,1290.1385235778375,,,1239.9493839771956,843.5663270840708,1290.1385235778375,1132.1762219428756,982.9594014166299,926.5326264686727
6,raspberrypi,246.0,2023-08-31,17:55:01,Whole,929.1907165692863,0.7534246575342466,5.771200992703792,20.82055972973356,2800.9341216216217,1082.9087837837837,1.7110397792198913,1,898,74,441.3018926460352,0.3037974683544304,0.2911392405063291,,0.0,0.3037974683544304,0.0,589.4558766339164,,,1318.4723479273105,1829.6605904299936,589.4558766339164,979.6400189838516,870.8015958277729,278.4369943281464
7,raspberrypi,247.0,2023-08-31,17:55:01,Whole,778.1440555937598,0.5952380952380952,4.90826968033489,19.04386101671796,2172.0027777777777,504.18055555555554,1.4588913117153544,1,585,45,334.6158433884383,0.5063291139240507,0.45569620253164556,,0.0,0.5063291139240507,0.0,474.71390692804914,,,1577.305652226931,1089.4548433226776,474.71390692804914,992.3841704498661,825.1433105601682,152.42720676955722
8,raspberrypi,249.0,2023-08-31,17:55:01,Whole,428.08427507654187,0.2608695652173913,4.2805971794878985,38.6145504171138,2251.717857142857,999.3339285714286,0.9910215968297237,38,853,70,359.69907998637336,0.8860759493670886,0.11392405063291139,,0.0,0.8860759493670886,0.0,202.88952556347985,,,1111.7498376502115,1288.230420845624,202.88952556347985,624.5986929229633,592.0449801603295,0.0
9,raspberrypi,250.0,2023-08-31,17:55:01,Whole,505.8729737132611,0.9459459459459459,4.515796920525892,24.841619867085935,2367.246710526316,1078.0657894736842,0.8432663487916023,34,428,38,1447.4464240371224,0.4810126582278481,0.5189873417721519,,0.0,0.4810126582278481,0.0,260.95144898783104,,,1080.629473943659,1429.8310497814296,260.95144898783104,647.2145178243525,548.0589871508741,0.0
10,raspberrypi,251.0,2023-08-31,17:55:01,Whole,308.8938783190072,0.3246753246753247,4.646210061557223,26.050447549892738,1792.1634615384614,1487.2676282051282,2.1444428795579324,0,940,78,400.45283256233955,0.05063291139240506,0.6708860759493671,,0.0,0.05063291139240506,0.0,494.17083480222897,,,553.0617622202105,1214.7316019127668,494.17083480222897,302.7332857370151,259.9244928453898,242.4336249841234
11,raspberrypi,252.0,2023-08-31,17:55:01,Whole,422.7420143694288,0.9629629629629629,4.108471729672103,28.914757686693868,1927.0791666666667,856.5,0.8799635786594242,25,400,30,504.1856318866703,0.379746835443038,0.620253164556962,,0.0,0.379746835443038,0.012658227848101266,352.063590571583,,,1189.4139779636525,959.7023225315085,352.063590571583,641.0860300403929,528.3277492948339,42.92947427385825
12,raspberrypi,253.0,2023-08-31,17:55:01,Whole,1232.655308738728,1.0,6.665130128617754,137.79955189485867,1057.6595394736842,1379.6661184210527,1.5987080492695678,23,921,76,11440.919447350356,0.16455696202531644,0.0379746835443038,,0.0,0.16455696202531644,0.0,1260.8660124744406,,,1295.2305108634919,981.5614302992021,1260.8660124744406,1199.0607507244733,942.8756200029704,867.7873864745005
13,raspberrypi,254.0,2023-08-31,17:55:01,Whole,1353.1831134461281,1.0,7.935096698968406,176.91190951263044,1614.5427215189873,1536.9794303797469,3.072376541023769,1,947,79,7643.1757209402485,0.0,0.012658227848101266,,0.012658227848101266,0.0,0.0,1325.194963020248,,,1233.4117761648072,1424.1063199821835,1325.194963020248,1259.934137178347,1047.4471831873489,854.5634981191678
14,raspberrypi,255.0,2023-08-31,17:55:01,Whole,313.0905067316577,0.9210526315789473,4.2606972214539285,36.411040969471216,1830.821875,920.475,1.3784202831235544,3,526,40,1551.3463389741542,0.5063291139240507,0.4936708860759494,,0.0,0.5063291139240507,0.05063291139240506,314.3915028755255,,,1127.4014396495104,877.7205508796114,314.3915028755255,548.6393353749708,312.9336081833172,0.0
15,raspberrypi,256.0,2023-08-31,17:55:01,Whole,909.4687703479244,0.9230769230769231,5.830872965778315,75.01213697226937,1474.2256097560976,563.560975609756,2.1047579122734072,8,516,41,7434.017853993645,0.2911392405063291,0.4936708860759494,,0.0,0.2911392405063291,0.0,797.6041249709763,,,1592.6429954156497,559.4522320702088,797.6041249709763,1057.3669136472959,701.4661633535593,172.44115361907149
16,raspberrypi,257.0,2023-08-31,17:55:01,Whole,654.8373306118966,1.0,4.359006096835365,41.831823722964174,2327.540254237288,800.6567796610169,1.3483577165246448,16,726,59,2357.090747157868,0.569620253164557,0.26582278481012656,,0.0,0.569620253164557,0.0,351.98749081544173,,,1334.43782963523,1309.4386888635868,351.98749081544173,829.942209716669,690.2046230721684,75.03798654310394
17,raspberrypi,258.0,2023-08-31,17:55:01,Whole,425.18293670543846,0.9473684210526315,4.006311001637544,20.38734074573541,1939.81875,774.884375,1.143289248700423,18,531,40,543.9366628368443,0.5063291139240507,0.4936708860759494,,0.0,0.5063291139240507,0.0,280.9009714862286,,,1267.7635993019642,915.381566341819,280.9009714862286,669.819722258891,401.329768411075,0.0
18,raspberrypi,259.0,2023-08-31,17:55:01,Whole,1218.4195753831932,0.974025974025974,7.17357829671133,145.4277653156412,1180.0464743589744,1753.758012820513,1.8856912690438106,2,938,78,16242.033477787287,0.0,0.02531645569620253,,0.24050632911392406,0.0,0.0,1303.792875406411,,,834.8714843853584,1247.7763831068844,1303.792875406411,1057.1023683435642,831.7102870677738,769.9516395438816
19,raspberrypi,422.0,2023-08-31,17:55:01,Whole,624.6286887818842,,6.216916307246386,,1537.5,673.0,2.558670894739541,0,12,1,,0.0,1.0,,0.0,0.0,0.0,580.3965169497285,,,1392.304529880871,502.20292785143556,580.3965169497285,786.458055299692,439.252664374221,205.01888858354658
20,raspberrypi,441.0,2023-08-31,17:55:01,Whole,728.6673015257554,,4.288495913259559,,2559.0,923.75,0.6994801767386066,1,14,1,,0.012658227848101266,0.9873417721518988,,0.0,0.012658227848101266,0.0,372.3684043730363,,,1305.650067774149,1547.8453080873708,372.3684043730363,863.0344826508872,835.409196760151,47.70595120102905
21,raspberrypi,470.0,2023-08-31,17:55:01,Whole,1254.4536349167736,,7.412750563144101,,2729.75,2118.75,3.3468763097896566,0,16,1,,0.0,1.0,,0.0,0.0,0.0,1106.0702888312353,,,728.9637606214717,2318.1806460957932,1106.0702888312353,982.0198546415866,600.8033070005566,474.34135725237013
22,raspberrypi,944.0,2023-08-31,17:55:01,Whole,993.9704428069967,,6.4416671391653635,,897.0,1062.5,0.47347151436165313,1,13,1,,0.0,1.0,,0.0,0.0,0.0,1100.9118760963906,,,1306.118824827343,452.50374230066063,1100.9118760963906,983.209848658598,652.3307374217906,594.2952591467083
23,raspberrypi,987.0,2023-08-31,17:55:01,Whole,1023.2930884003819,,6.098946645374504,,947.5,1610.25,1.1930584095982948,0,13,1,,0.0,1.0,,0.0,0.0,0.0,1181.8238092170493,,,893.5681063104893,1002.2349401901763,1181.8238092170493,901.4686811144329,711.8240803276348,730.8311569676735
24,raspberrypi,107.0,2023-08-31,18:00:02,Whole,753.6213651934662,,4.859121948842736,,1423.5,677.5,1.8904219740715047,0,13,1,,0.0,1.0,,0.0,0.0,0.0,672.2642005666062,,,1413.184877258721,401.39995086755846,672.2642005666062,826.7621547166027,465.00928310277766,257.21445928621927
25,raspberrypi,128.0,2023-08-31,18:00:02,Whole,1178.5626321009424,,6.636606987347474,,1251.25,2368.25,1.4889159389181807,0,8,1,,0.0,1.0,,0.0,0.0,0.0,1451.6576641846332,,,423.97070947055624,1794.4609552305583,1451.6576641846332,1062.0241461377261,971.0602677086644,879.3507541856371
26,raspberrypi,241.0,2023-08-31,18:00:02,Whole,448.5615699292385,0.0641025641025641,3.888210052505732,3.729149141160171,1461.0474683544303,1039.25,1.5653030235917245,14,743,79,0.7864872803765517,1.0,0.0,,0.0,1.0,1.0,560.0531350602179,,,1055.1746048851508,657.3364502853792,560.0531350602179,507.93235396351804,133.19408987213495,28.080242844563685
27,raspberrypi,242.0,2023-08-31,18:00:02,Whole,262.45293449968386,1.0,2.9599002281760773,54.37428428252738,1593.7916666666667,1172.875,0.9210053197059589,4,77,6,2674.593385953621,0.0759493670886076,0.9240506329113924,,0.0,0.0759493670886076,0.0759493670886076,470.46272845620143,,,892.381218453052,845.8686623998607,470.46272845620143,351.8198087867342,0.0,0.0
28,raspberrypi,243.0,2023-08-31,18:00:02,Whole,661.0414373862083,0.9655172413793104,4.731654854617494,66.09050684791873,2235.6484375,1806.07421875,1.9227725093387382,6,323,32,1323.175494959363,0.4050632911392405,0.5949367088607594,,0.05063291139240506,0.4050632911392405,0.379746835443038,673.4762814561909,,,407.2642063075272,1751.997821564103,673.4762814561909,451.3932602364075,110.72442280039667,0.0
29,raspberrypi,244.0,2023-08-31,18:00:02,Whole,530.3477762352924,1.0,3.765430911010142,57.50257912576435,2081.206896551724,1213.6594827586207,1.0863618254749692,33,596,58,2779.979483595128,0.7341772151898734,0.26582278481012656,,0.0,0.7341772151898734,0.26582278481012656,393.38692028406456,,,880.4105550396694,1280.473396647003,393.38692028406456,525.8294869222293,442.44816227477384,0.0
30,raspberrypi,245.0,2023-08-31,18:00:02,Whole,712.5611371939868,0.723404255319149,4.558142613380642,9.013825288312288,1765.885,616.4475,1.3938755732136834,13,455,50,46.630870299754136,0.6329113924050633,0.3670886075949367,,0.0,0.6329113924050633,0.0,452.7553619391911,,,1422.7011553176321,701.0949746007692,452.7553619391911,801.3531761762729,500.44515764027557,102.92259590954549
31,raspberrypi,247.0,2023-08-31,18:00:02,Whole,520.9192024695982,0.9787234042553191,3.299476577019552,32.67511410973618,1917.4322916666667,843.5885416666666,0.6203535831928241,40,508,48,1097.061869780834,0.6075949367088608,0.3924050632911392,,0.0,0.6075949367088608,0.05063291139240506,284.46017050123965,,,1205.550642702364,927.5524969295175,284.46017050123965,620.1258619423248,417.76105273628656,0.0
32,raspberrypi,249.0,2023-08-31,18:00:02,Whole,604.6457098949588,0.9861111111111112,4.369430587316696,21.818437034547152,2266.6318493150684,942.054794520548,1.364724954834841,4,709,73,554.5678501310717,0.9240506329113924,0.0759493670886076,,0.0,0.9240506329113924,0.0,209.20258955604683,,,1168.986952701164,1281.9038342436859,209.20258955604683,668.5024481850814,646.9286360621107,0.0
33,raspberrypi,251.0,2023-08-31,18:00:02,Whole,347.08404828685946,0.9791666666666666,3.1196661490933053,25.40342306827918,1991.6,1054.675,0.8898432848398352,32,523,50,322.40363132449005,0.6075949367088608,0.3670886075949367,,0.0,0.6075949367088608,0.0,234.1018808522866,,,995.3559619374211,1088.7911223133724,234.1018808522866,476.92397881198474,330.4183417913042,0.0
34,raspberrypi,253.0,2023-08-31,18:00:02,Whole,598.3381604175404,0.7083333333333334,4.16722011506362,54.22960954860503,2236.03,1094.3125,1.2981578930431452,8,535,50,2050.3017212394816,0.6075949367088608,0.3670886075949367,,0.0,0.6075949367088608,0.12658227848101267,363.679859642175,,,1042.5322282197255,1357.6381528896197,363.679859642175,636.7675647396611,783.8683203091837,50.35884324962804
35,raspberrypi,254.0,2023-08-31,18:00:02,Whole,419.03842878705814,1.0,4.1863439278373065,57.71470492708909,2057.2897727272725,1467.2234848484848,1.4889507812663934,20,639,66,1412.243112465031,0.810126582278481,0.16455696202531644,,0.0,0.810126582278481,0.620253164556962,463.48251252377855,,,651.1389831976264,1387.6642065196206,463.48251252377855,376.80146655585634,128.85181854286884,0.0
36,raspberrypi,255.0,2023-08-31,18:00:02,Whole,398.7136495583717,0.9183673469387755,3.5175634512659837,31.880431171118776,1752.201923076923,938.4711538461538,1.0084957314739664,26,547,52,1101.247581944928,0.6582278481012658,0.34177215189873417,,0.0,0.6582278481012658,0.45569620253164556,351.0751655014585,,,1103.6286804825666,823.555859030359,351.0751655014585,506.9896764356428,181.16922853195112,0.0
37,raspberrypi,256.0,2023-08-31,18:00:02,Whole,371.82205655013763,0.9358974358974359,4.05444504337755,18.6577209657891,1463.357594936709,1450.2120253164558,2.051667306462699,0,743,79,398.65915670077715,0.2911392405063291,0.0379746835443038,,0.0,0.2911392405063291,0.4050632911392405,684.37983006857,,,675.1519892996523,997.7196189164895,684.37983006857,434.58804614987287,250.39906320616947,286.5880719347336
38,raspberrypi,257.0,2023-08-31,18:00:02,Whole,638.8342801154874,1.0,5.095053824269442,20.12855887767774,1815.2098214285713,1964.7589285714287,2.3872743412894724,2,587,56,427.07662208348074,0.16455696202531644,0.3037974683544304,,0.5443037974683544,0.16455696202531644,0.10126582278481013,854.6770955556977,,,90.01662221701913,1618.9455018420213,854.6770955556977,510.6446986619169,304.8428937148125,211.9057372799503
39,raspberrypi,258.0,2023-08-31,18:00:02,Whole,265.57477586889496,1.0,3.304209028175876,35.82047628221004,1836.2993421052631,1112.921052631579,1.086465970991105,16,389,38,662.1647944719698,0.4810126582278481,0.5189873417721519,,0.0,0.4810126582278481,0.3037974683544304,323.06577100553204,,,935.6679711757246,989.3925888559997,323.06577100553204,404.3447148726799,172.932005131857,0.0
40,raspberrypi,259.0,2023-08-31,18:00:02,Whole,1462.6456659989874,0.20512820512820512,8.357406820336012,2.937742461992027,1070.128164556962,2592.53164556962,4.944849481960547,0,743,79,1.0555942605405737,0.0,0.7974683544303798,,0.0,0.0,0.0,1734.488313855009,,,674.0885281931133,1991.2030025421482,1734.488313855009,1337.6242528845173,1250.1200468222523,1157.4698054790551
41,raspberrypi,429.0,2023-08-31,18:00:02,Whole,879.6093652662763,,4.6323497673753895,,2307.5,606.0,1.5215505421164557,0,11,1,,0.0,1.0,,0.0,0.0,0.0,388.6097386734259,,,1501.0809804335734,1228.9602967430162,388.6097386734259,939.6327895303709,816.5836767292612,206.3549105338348
42,raspberrypi,470.0,2023-08-31,18:00:02,Whole,1111.4151585399395,,6.748789766334023,,2043.75,2409.125,3.3756328732153755,0,17,2,,0.0,0.9873417721518988,,0.012658227848101266,0.0,0.0,1233.1057513403937,,,118.77864548999531,2116.499802316925,1233.1057513403937,888.8892940398302,566.964052327055,459.44466369825875
43,raspberrypi,726.0,2023-08-31,18:00:02,Whole,753.1274980586929,,4.309771889368008,,1421.5,679.25,1.7341887386700332,0,8,1,,0.0,1.0,,0.0,0.0,0.0,673.2168844845361,,,1412.0071038434278,400.46069285836904,673.2168844845361,826.1285125459508,464.10644645984166,256.98234522218826
44,raspberrypi,110.0,2023-08-31,18:10:01,Whole,745.250073681685,,5.242427555814002,,1157.0,928.75,3.2975832852712523,0,7,1,,0.0,1.0,,0.0,0.0,0.0,853.1347011879296,,,1274.7366247121074,390.32217986538546,853.1347011879296,812.8369994790701,449.2007618192681,347.61070340626065
45,raspberrypi,241.0,2023-08-31,18:10:01,Whole,780.5400879037095,0.8055555555555556,6.244958360746176,56.36614795944289,1775.7260273972602,2108.0616438356165,2.213364298396607,7,511,73,10021.944390223734,0.02531645569620253,0.0759493670886076,,0.8354430379746836,0.02531645569620253,0.012658227848101266,1032.3503148255088,,,91.75944161552138,1730.4632352799358,1032.3503148255088,687.5089852920696,418.70511137384034,321.36337205353857
46,raspberrypi,242.0,2023-08-31,18:10:01,Whole,833.8876617957602,1.0,4.045610155047028,4.858576691778406,2211.026785714286,716.4910714285714,2.2431420889220126,0,90,14,6.175810487390101,0.17721518987341772,0.8227848101265823,,0.0,0.17721518987341772,0.0,278.1086435976912,,,1369.0227685579653,1156.2597615349084,278.1086435976912,806.9841386264083,674.0538175971418,83.23397612167514
47,raspberrypi,243.0,2023-08-31,18:10:01,Whole,656.6456701557574,0.0,4.365063793990093,,1992.5,796.5703125,0.9383356650390173,15,148,16,0.0443282575686149,0.20253164556962025,0.7974683544303798,,0.0,0.20253164556962025,0.0,247.54682052004634,,,1250.4133704026378,970.6765909657606,247.54682052004634,662.3363397018127,456.2206514532078,0.0
48,raspberrypi,245.0,2023-08-31,18:10:01,Whole,339.3040609046125,0.7619047619047619,3.5639485714665446,30.21028819943247,1632.6477272727273,1077.4204545454545,1.2933982581798789,0,182,22,771.058866126762,0.27848101265822783,0.7215189873417721,,0.0,0.27848101265822783,0.24050632911392406,429.5924191677541,,,977.9544499946061,806.1617300211489,429.5924191677541,392.1480183841417,0.0,0.0
49,raspberrypi,246.0,2023-08-31,18:10:01,Whole,797.2755053780744,1.0,4.752764469096289,85.68248156114325,1227.8826923076922,1352.8634615384615,2.274496459874405,2,471,65,4449.691089546524,0.31645569620253167,0.189873417721519,,0.0,0.31645569620253167,0.20253164556962025,973.8486102022468,,,1072.6251356439575,910.4020002354825,973.8486102022468,856.1106095906309,618.9230746117988,521.5698652113498
50,raspberrypi,247.0,2023-08-31,18:10:01,Whole,229.82001911259277,0.4925373134328358,4.114642164159985,19.62428683427715,1515.8841911764705,1457.0036764705883,1.9844228608099186,3,478,68,459.1346496379623,0.05063291139240506,0.569620253164557,,0.0,0.05063291139240506,0.1518987341772152,646.0255728490423,,,643.932940776669,1027.4141137995089,646.0255728490423,396.4180106394378,215.18105122898166,251.73419473361895
51,raspberrypi,249.0,2023-08-31,18:10:01,Whole,334.67100689794034,0.8275862068965517,3.0369240205820063,13.131859511061002,1877.05859375,1101.8828125,1.274198595137728,0,255,32,230.40478726623195,0.4050632911392405,0.5949367088607594,,0.0,0.4050632911392405,0.17721518987341772,267.98013871781967,,,937.5910783746133,1011.9045538655607,267.98013871781967,395.7420219839376,198.60187218889985,0.0
52,raspberrypi,250.0,2023-08-31,18:10:01,Whole,927.5470660436745,,4.416609233087491,,2423.25,779.75,1.1494635877827486,0,12,2,,0.02531645569620253,0.9746835443037974,,0.0,0.02531645569620253,0.0,329.54100166342903,,,1375.8875934775579,1377.5340282880534,329.54100166342903,867.6422179302581,816.734136726706,97.85654058568058
53,raspberrypi,252.0,2023-08-31,18:10:01,Whole,712.2705352982179,1.0,3.7867291274325843,16.750515870581058,2347.859756097561,1040.7652439024391,1.5149023558249262,0,257,41,202.96451450372052,0.5189873417721519,0.4810126582278481,,0.0,0.5189873417721519,0.0,233.93787020251943,,,1107.7884577450998,1392.9865260847178,233.93787020251943,654.1585309526413,631.0302003711046,0.0
54,raspberrypi,254.0,2023-08-31,18:10:01,Whole,565.6695096071776,0.5833333333333334,3.792115073064579,24.170475047273218,1811.9177631578948,842.4868421052631,1.2251443430656677,15,295,38,233.9455224611306,0.4810126582278481,0.5189873417721519,,0.0,0.4810126582278481,0.0,317.056942854246,,,1196.4075443843142,823.0184794360401,317.056942854246,591.3737584416524,305.6664223925633,0.0
55,raspberrypi,255.0,2023-08-31,18:10:01,Whole,634.4525317804118,0.8311688311688312,4.481396514208174,57.22609378324256,1954.4807692307693,1322.3076923076924,1.5250179687835321,5,534,78,3372.5722729178415,0.810126582278481,0.012658227848101266,,0.11392405063291139,0.810126582278481,0.3670886075949367,585.1602133648913,,,859.1403016445978,1290.309315783519,585.1602133648913,605.6479444939,276.7918758884031,109.80042049337231
56,raspberrypi,256.0,2023-08-31,18:10:01,Whole,483.3378217808158,1.0,4.141365428481193,26.80444500555878,2181.09375,1223.971590909091,1.7878539265075142,0,325,44,518.9986298450474,0.5569620253164557,0.4430379746835443,,0.0,0.5569620253164557,0.0,255.67710873857436,,,875.2427260400757,1334.4774093918456,255.67710873857436,459.29138900290815,430.34588675393854,0.0
57,raspberrypi,257.0,2023-08-31,18:10:01,Whole,649.4966861626144,0.4230769230769231,5.712928685598662,29.54378441153799,1313.0617088607594,1885.0284810126582,2.41256496767722,2,537,79,429.48716898234636,0.0,0.5822784810126582,,0.06329113924050633,0.0,0.0,1052.092570748336,,,440.39030217038595,1342.1766316324336,1052.092570748336,707.1442965961473,691.3516429634836,699.6535663965767
58,raspberrypi,258.0,2023-08-31,18:10:01,Whole,599.6912876465861,1.0,3.619360185270472,40.51971851650981,1908.9027777777778,830.4027777777778,1.7875524214455374,0,120,18,2919.1921217108293,0.22784810126582278,0.7721518987341772,,0.0,0.22784810126582278,0.0,277.7098905844943,,,1210.7000052067388,908.1170850180622,277.7098905844943,617.3678874983908,369.26313428194203,0.0
59,raspberrypi,259.0,2023-08-31,18:10:01,Whole,1465.3869497649298,1.0,7.368476175845037,61.98077853588832,784.3,286.3,2.3750589974608762,0,34,5,959.135789446887,0.0,0.9367088607594937,,0.0,0.0,0.0,1402.5211039763594,,,2018.0465599476113,0.0,1402.5211039763594,1521.2900453644083,1141.7750802366656,985.7629670038644
60,raspberrypi,441.0,2023-08-31,18:10:01,Whole,925.7308024523559,,4.682133960960111,,2436.75,797.5,1.420682546661192,0,7,1,,0.012658227848101266,0.9873417721518988,,0.0,0.012658227848101266,0.0,328.320782773453,,,1364.663124812293,1395.0142781492557,328.320782773453,863.087448498089,820.7139898196086,88.09390648179954
61,raspberrypi,470.0,2023-08-31,18:10:01,Whole,721.5696588941494,1.0,5.093317580184942,110.15027144448246,1731.6447368421052,2086.9473684210525,1.0419794853488218,7,175,19,2109.786683784255,0.0,0.7721518987341772,,0.16455696202531644,0.0,0.0,1020.497129569778,,,134.32197316665219,1685.2216985951163,1020.497129569778,666.6464902751724,480.20029231036034,391.0122564419852
62,raspberrypi,37.0,2023-08-31,18:05:01,Whole,921.7999977314297,,5.3941654589988115,,949.0,1622.5,1.4927905615392527,0,9,1,,0.0,1.0,,0.0,0.0,0.0,1185.7572796536206,,,885.4609238202719,1014.5571883331897,1185.7572796536206,902.6580324704646,717.1238016839017,737.0502486358714
63,raspberrypi,110.0,2023-08-31,18:05:01,Whole,1133.3583401413143,,7.036177249598675,,793.0,751.5,3.0924377343662783,0,9,1,,0.0,0.9868421052631579,,0.0,0.0,0.0,1230.6546889318995,,,1616.8735511748755,148.0809800705438,1230.6546889318995,1212.6805121886935,853.6907458663422,746.2109535150321
64,raspberrypi,111.0,2023-08-31,18:05:01,Whole,1363.549508843744,,7.8615424955366775,,3164.0,1240.75,4.710220394871074,0,9,1,,0.0,1.0,,0.0,0.0,0.0,948.0235039593458,,,1475.134532505226,2223.5310496785087,948.0235039593458,1257.188683356046,1054.5843077819795,607.24960656551
65,raspberrypi,240.0,2023-08-31,18:05:01,Whole,717.4311162946746,1.0,5.2146470006116505,167.85573881947258,2019.4772727272727,1418.559659090909,1.559351892390819,11,380,44,11240.866692084135,0.27631578947368424,0.42105263157894735,,0.0,0.27631578947368424,0.17105263157894737,703.6494688099714,,,880.2483363709689,1360.9347406279924,703.6494688099714,664.0624585373275,366.0035577025304,206.28376444889227
66,raspberrypi,241.0,2023-08-31,18:05:01,Whole,760.687038304246,0.25,4.690063129190852,7.603453162872775,2414.35,820.45,1.3072639740130936,2,61,5,9.201704905773633,0.06578947368421052,0.9342105263157895,,0.0,0.06578947368421052,0.0,302.65722790083873,,,1334.791473091752,1379.4854962840275,302.65722790083873,833.7704060783353,790.5158185674837,56.655322667817444
67,raspberrypi,242.0,2023-08-31,18:05:01,Whole,505.8997219788026,1.0,4.8705458574066,26.153102973073686,1926.3970588235295,787.7549019607843,1.196809166378855,8,404,51,646.3548616363406,0.6710526315789473,0.32894736842105265,,0.0,0.6710526315789473,0.0,286.0624257840569,,,1255.8401587168914,907.8297972585742,286.0624257840569,659.7795833924431,421.89605626223556,0.0
68,raspberrypi,243.0,2023-08-31,18:05:01,Whole,441.973418958359,0.8444444444444444,4.660257281815698,43.624252421440715,2082.1744791666665,1603.515625,2.3526800312679472,3,425,48,946.896456246551,0.631578947368421,0.3684210526315789,,0.0,0.631578947368421,0.6052631578947368,502.25194649713217,,,498.9663604884897,1496.0355036741223,502.25194649713217,331.35627023027433,118.95284977025307,16.33839015071476
69,raspberrypi,244.0,2023-08-31,18:05:01,Whole,1211.1774257165782,1.0,7.181262128914906,238.8071545550305,1366.24375,1881.1625,3.294212802922826,2,347,40,28958.268418014344,0.07894736842105263,0.4868421052631579,,0.0,0.07894736842105263,0.02631578947368421,1340.0113197351852,,,927.2977514367351,1461.5441232928756,1340.0113197351852,1119.9789184968663,936.2471811722667,893.3350049159384
70,raspberrypi,246.0,2023-08-31,18:05:01,Whole,403.89405320693044,0.16,4.648449009429852,6.249538879253056,1467.6496710526317,1498.4325657894738,2.378027527103535,6,635,76,6.795100082137721,0.0,0.8421052631578947,,0.0,0.0,0.0,701.875138860564,,,626.022789709849,1039.1812297824515,701.875138860564,436.391072409534,262.02852399894357,299.43051444199887
71,raspberrypi,247.0,2023-08-31,18:05:01,Whole,165.07631942975996,0.18571428571428572,4.05288050742216,9.73665470386709,1778.3204225352113,1115.7218309859154,1.5409708103188433,10,598,71,16.751246132637053,0.9342105263157895,0.06578947368421052,,0.0,0.9342105263157895,0.9342105263157895,327.2955198078878,,,924.5623859885261,942.0912764977338,327.2955198078878,360.75116398982004,48.47553634166229,0.0
72,raspberrypi,248.0,2023-08-31,18:05:01,Whole,408.31509973758716,1.0,4.106039417219986,9.372299611087985,2135.5,1036.75,1.0990570397239072,0,65,6,3.673804121704774e-26,0.07894736842105263,0.9210526315789473,,0.0,0.07894736842105263,0.0,188.38102429158076,,,1040.0121698767014,1198.8219558649375,188.38102429158076,535.521566906451,452.4448463943172,0.0
73,raspberrypi,249.0,2023-08-31,18:05:01,Whole,327.2750724645058,1.0,3.895661959995275,30.88458320308433,2078.60546875,1123.59765625,1.1410673360333496,10,303,32,438.94872482997454,0.42105263157894735,0.5789473684210527,,0.0,0.42105263157894735,0.0,226.7956855344407,,,945.8355167933211,1193.8537839335013,226.7956855344407,463.05343247518454,387.4156401127953,0.0
74,raspberrypi,250.0,2023-08-31,18:05:01,Whole,750.7961186138725,1.0,4.91066666628574,20.62862275481486,2520.375,1147.5277777777778,1.3072639740130936,1,97,9,106.1459521127905,0.10526315789473684,0.8947368421052632,,0.0,0.10526315789473684,0.0,368.91933179827095,,,1115.438943286509,1596.0499780566006,368.91933179827095,745.2484444934016,656.2290062932726,0.0
75,raspberrypi,251.0,2023-08-31,18:05:01,Whole,457.1461318694174,0.21333333333333335,4.639175556296007,3.575388340995576,1568.376644736842,876.4013157894736,1.5548094733710571,0,635,76,2.535686657046823,1.0,0.0,,0.0,1.0,0.0,479.0003399820831,,,1186.7392989018522,629.4734860085814,479.0003399820831,588.1849353834108,233.76088244748723,11.179815853767423
76,raspberrypi,252.0,2023-08-31,18:05:01,Whole,887.3101970615511,1.0,5.752478283770016,38.198395122104074,2545.575,1704.3375,2.1791451667330493,2,284,30,1553.5222792061736,0.14473684210526316,0.6052631578947368,,0.0,0.14473684210526316,0.13157894736842105,717.7323823127786,,,707.5365656575913,1919.4503393467382,717.7323823127786,668.5598001993828,479.4335214787865,353.469198343817
77,raspberrypi,254.0,2023-08-31,18:05:01,Whole,586.1028582954414,1.0,4.1825767537010226,12.352317858468902,2053.9125,741.7625,1.202532742641033,2,101,10,143.59188545525737,0.13157894736842105,0.868421052631579,,0.0,0.13157894736842105,0.0,255.65168849481796,,,1312.9073163798862,1011.7750942258175,255.65168849481796,727.5441644276525,532.3909128767807,0.0
78,raspberrypi,255.0,2023-08-31,18:05:01,Whole,624.3231160335106,1.0,3.9032237353028467,33.54986308250767,2330.65,942.375,0.8548541440563011,3,52,5,212.36516619331837,0.06578947368421052,0.9342105263157895,,0.0,0.06578947368421052,0.0,221.27131652722105,,,1190.4298050751509,1339.1523537493517,221.27131652722105,702.8286498333938,681.5473456781057,0.0
79,raspberrypi,257.0,2023-08-31,18:05:01,Whole,940.2021287811443,0.08,6.16693478682409,6.932654953025956,863.59375,1345.452302631579,3.207875552339963,0,635,76,5.54560671694248,0.0,0.9210526315789473,,0.0,0.0,0.0,1170.6715646476348,,,1123.553489768664,734.7856148363313,1170.6715646476348,960.8484189709667,690.8777366008351,678.8690518688353
80,raspberrypi,258.0,2023-08-31,18:05:01,Whole,737.5825421237905,0.25675675675675674,5.314605948438304,5.857234419739443,1928.9716666666666,543.7316666666667,1.6115958567550555,6,628,75,14.436553708329456,0.9868421052631579,0.013157894736842105,,0.0,0.9868421052631579,0.0,427.5961356635898,,,1496.9174699297,845.430045390014,427.5961356635898,879.537247787478,631.5602339198628,51.09801148589864
81,raspberrypi,259.0,2023-08-31,18:05:01,Whole,1561.0142813021994,0.8333333333333334,8.039417286482813,47.852005296137534,2902.308333333333,2361.511111111111,3.5441158184287604,0,368,45,1994.4214719773072,0.0,0.5394736842105263,,0.0,0.0,0.0,1405.153999740055,,,928.7622937889105,2616.0289950623505,1405.153999740055,1281.5382698914161,885.2055598302798,761.0748743544933
82,raspberrypi,402.0,2023-08-31,18:05:01,Whole,388.18507164392577,,3.7832889099940488,,1984.75,928.25,0.7377397956696832,1,7,1,,0.013157894736842105,0.9868421052631579,,0.0,0.013157894736842105,0.0,216.17951735225068,,,1118.7274004847636,1015.3847981683452,216.17951735225068,551.4780536808877,363.4655587870477,0.0
83,raspberrypi,470.0,2023-08-31,18:05:01,Whole,1124.381981694678,0.0,6.327148311663124,,1945.25,2385.125,3.068151088065936,0,35,3,0.0,0.0,0.9605263157894737,,0.039473684210526314,0.0,0.0,1215.5870655432243,,,31.386593422078477,2046.3154661072758,1215.5870655432243,855.9675556331399,555.9276703885099,451.61412218370185
84,raspberrypi,683.0,2023-08-31,18:05:01,Whole,809.4787141253103,,5.13876750170512,,1210.25,1753.25,1.772320983082048,0,18,2,,0.0,1.0,,0.0,0.0,0.0,1066.679675216507,,,598.3963600668365,1202.4927233212184,1066.679675216507,751.1737687202738,643.7232381051663,610.2331852802145
85,raspberrypi,706.0,2023-08-31,18:05:01,Whole,1241.1638792676886,,6.524011657673744,,590.75,993.75,1.0921845988998224,0,13,1,,0.0,1.0,,0.0,0.0,0.0,1400.9191031012756,,,1563.3445689852676,442.35331433101385,1400.9191031012756,1291.5315143973232,965.9454666049861,901.8500784616973
86,raspberrypi,987.0,2023-08-31,18:05:01,Whole,692.4229865334736,,5.089966042700018,,1178.75,1569.5,0.9114345754741631,1,22,2,,0.0,1.0,,0.0,0.0,0.0,970.7481267789717,,,762.1218746586017,1021.350253021398,970.7481267789717,693.0679372217978,512.1109278087124,540.5414295195013
87,raspberrypi,110.0,2023-08-31,17:50:43,Whole,1328.9850844875837,,8.261676025145796,,1076.75,2187.75,3.163994348089063,0,13,1,,0.0,1.0,,0.0,0.0,0.0,1419.165467104814,,,578.4948736520327,1589.256154077176,1419.165467104814,1046.4589802195333,1038.2592024114801,949.4867989558337
88,raspberrypi,240.0,2023-08-31,17:50:43,Whole,724.813952134198,1.0,6.02143863793208,162.51746091600555,2410.7130281690143,1403.5721830985915,1.9395124897426952,8,932,71,13213.127780460301,0.5211267605633803,0.0,,0.04225352112676056,0.5211267605633803,0.11267605633802817,656.0743407546521,,,987.2765122541107,1675.0519023285221,656.0743407546521,785.5388351587321,520.9739088234357,136.2037677157576
89,raspberrypi,241.0,2023-08-31,17:50:43,Whole,433.9540718344392,0.7727272727272727,4.975901202078181,8.729195310656356,2262.2989130434785,886.5,1.3263081885187382,17,607,46,82.4683511225824,0.647887323943662,0.352112676056338,,0.0,0.647887323943662,0.0,215.09310480727234,,,1221.2916308640547,1256.8792961990303,215.09310480727234,703.5718811948891,657.7841040163969,0.0
90,raspberrypi,242.0,2023-08-31,17:50:43,Whole,787.4726219384622,1.0,6.136022904001058,114.97883594213924,2592.4718309859154,1138.6602112676057,1.6719219848874873,12,932,71,6504.517566096775,0.5070422535211268,0.0,,0.0,0.5070422535211268,0.15492957746478872,621.6311374236707,,,1182.450397602434,1723.9019161368751,621.6311374236707,877.7975838115814,696.8127379251199,184.70906655407342
91,raspberrypi,243.0,2023-08-31,17:50:43,Whole,1204.2979163216567,0.7428571428571429,7.727425694026279,80.05421474365714,2992.4542253521126,765.0721830985915,1.7973502382518733,7,932,71,5617.174493687413,0.0,0.2676056338028169,,0.0,0.0,0.0,916.5880965867409,,,1722.3233973788144,1974.8700407242077,916.5880965867409,1354.399890193408,1298.63521279932,594.450871041842
92,raspberrypi,244.0,2023-08-31,17:50:43,Whole,1258.1704140431598,1.0,7.831191623672664,167.32387010758748,1878.9682835820893,1016.9104477611941,1.4906622743221238,7,887,67,20770.864376714864,0.0,0.07042253521126761,,0.0,0.0,0.0,1121.4260072534641,,,1472.61363381869,1253.2103848858221,1121.4260072534641,1246.5792856659468,950.9751615075435,678.4105691478983
93,raspberrypi,245.0,2023-08-31,17:50:43,Whole,1210.384947683714,1.0,7.044527619769493,100.14181749468932,1190.4595070422536,1730.9929577464789,1.6949194077117253,2,932,71,11358.110029157828,0.09859154929577464,0.014084507042253521,,0.18309859154929578,0.09859154929577464,0.0,1251.502437290814,,,867.613458714191,1254.8345620035675,1251.502437290814,1020.5438043853048,727.8384271465295,660.8624055921543
94,raspberrypi,246.0,2023-08-31,17:50:43,Whole,1018.9865735901376,0.8115942028985508,6.760347144057721,46.63736435300159,1950.642857142857,2188.526785714286,1.9720252685146953,9,925,70,2734.76035255103,0.11267605633802817,0.014084507042253521,,0.7887323943661971,0.11267605633802817,0.028169014084507043,1059.2446740605146,,,127.28618231585455,1904.2130763448738,1059.2446740605146,756.0100720048747,516.8093034187946,417.60364990395817
95,raspberrypi,247.0,2023-08-31,17:50:43,Whole,671.094879678287,1.0,4.925723872431578,172.63929911050366,1747.392857142857,1265.0714285714287,1.4170932933922324,0,205,14,746.4695838652399,0.11267605633802817,0.8169014084507042,,0.028169014084507043,0.11267605633802817,0.056338028169014086,677.1138181201741,,,860.5444867266649,1050.484460891063,677.1138181201741,610.1422117876668,248.7061001803409,148.17094499912548
96,raspberrypi,249.0,2023-08-31,17:50:43,Whole,708.2828991731772,1.0,5.615809300334926,136.52973413832478,1738.1166666666666,743.2611111111111,1.3282644584593988,10,596,45,9362.31089643693,0.39436619718309857,0.38028169014084506,,0.0,0.39436619718309857,0.056338028169014086,558.5307841287661,,,1362.3162813613492,789.030525596151,558.5307841287661,817.1500358798647,644.7587367374784,132.5787475940358
97,raspberrypi,250.0,2023-08-31,17:50:43,Whole,601.1101644925021,0.9811320754716981,5.309499864444175,81.56065117182037,2165.9768518518517,720.1944444444445,1.8130801973503454,7,737,54,5308.120810726943,0.5211267605633803,0.23943661971830985,,0.0,0.5211267605633803,0.028169014084507043,397.4988621565506,,,1379.671801147246,1141.7588215897597,397.4988621565506,832.2602283895826,770.884573516032,109.02985435493832
98,raspberrypi,251.0,2023-08-31,17:50:43,Whole,696.3257070194459,0.7647058823529411,5.949079132026397,58.05757534055823,2222.698113207547,1753.1367924528302,2.2002424020754505,1,717,53,5434.669707908009,0.704225352112676,0.2535211267605634,,0.11267605633802817,0.704225352112676,0.6338028169014085,694.4845609509762,,,436.4120968966107,1737.8334728830907,694.4845609509762,503.68476535627786,91.50888331047967,0.0
99,raspberrypi,252.0,2023-08-31,17:50:43,Whole,917.7597530627113,0.9361702127659575,6.143903072532238,76.53641102782034,1170.4872448979593,1407.6224489795918,1.891431983852015,7,666,49,5805.266923626299,0.15492957746478872,0.38028169014084506,,0.0,0.15492957746478872,0.014084507042253521,961.3042589670968,,,943.1270707650464,891.9945125682934,961.3042589670968,772.3423221312563,443.8391097270206,472.253098330154
100,raspberrypi,253.0,2023-08-31,17:50:43,Whole,1324.3231066707478,1.0,7.297679168611002,193.54898424523492,1304.2107142857142,1434.4535714285714,1.7725697581256414,11,925,70,63257.65239557222,0.0,0.028169014084507043,,0.1267605633802817,0.0,0.0,1292.4262248801424,,,1195.2058730665824,1140.362566868424,1292.4262248801424,1191.470331520323,864.0048428936892,701.8391152535085
101,raspberrypi,254.0,2023-08-31,17:50:43,Whole,1105.265568883104,0.7903225806451613,7.37996782010119,63.488778662359366,2838.4305555555557,754.2936507936508,1.6881214774327635,4,848,63,5270.492008796151,0.0,0.30985915492957744,,0.0,0.0,0.0,809.0188223557866,,,1677.5860754425512,1817.296252211508,809.0188223557866,1276.1292704610357,1239.4938670467495,463.8641422938614
102,raspberrypi,255.0,2023-08-31,17:50:43,Whole,426.5667254984411,0.7037037037037037,4.717248572323818,64.02970001488634,1774.103448275862,873.7025862068965,1.125350327499181,14,405,29,4407.920151102099,0.4084507042253521,0.5915492957746479,,0.0,0.4084507042253521,0.07042253521126761,352.4287094706771,,,1168.8195203714818,812.6099692645722,352.4287094706771,572.0876271712747,289.57816085798277,0.0
103,raspberrypi,256.0,2023-08-31,17:50:43,Whole,361.2721643232128,1.0,5.10596148791127,45.72533797395571,1771.8341346153845,1482.7475961538462,2.2705706865315047,2,678,52,3628.720297357091,0.49295774647887325,0.28169014084507044,,0.056338028169014086,0.49295774647887325,0.19718309859154928,523.7964758669414,,,589.0074344880225,1221.375679899359,523.7964758669414,379.1643767812327,272.81353210356576,116.9165610276199
104,raspberrypi,257.0,2023-08-31,17:50:43,Whole,780.7310734450804,1.0,5.383266518462231,57.0872986273003,2583.55,722.8,1.5973473976771821,0,77,5,6214.80378058325,0.0,0.9436619718309859,,0.0,0.0,0.0,474.75364681814943,,,1496.1499418103344,1521.824427911015,474.75364681814943,1008.9607752678065,1001.9559426203176,226.92937994709467
105,raspberrypi,258.0,2023-08-31,17:50:43,Whole,493.09724010238244,0.9047619047619048,5.4151049407477805,57.34210405287677,1718.7055555555555,872.5388888888889,2.0504809411271108,1,586,45,3755.220369196507,0.5915492957746479,0.36619718309859156,,0.0,0.5915492957746479,0.14084507042253522,409.61789562486723,,,1183.4495706286011,784.5730057832832,409.61789562486723,605.7791741349914,345.0053906924077,0.0
106,raspberrypi,259.0,2023-08-31,17:50:43,Whole,847.5872174048451,1.0,6.08017922575405,116.37394197921348,1289.0159090909092,927.2795454545454,1.6171719570200902,5,725,55,8344.600247671578,0.11267605633802817,0.2535211267605634,,0.0,0.11267605633802817,0.028169014084507043,810.0380838619628,,,1254.6603984031985,549.955368983241,810.0380838619628,812.31699541015,493.9515427244064,309.1711128603903
107,raspberrypi,470.0,2023-08-31,17:50:43,Whole,1626.7458546904566,,9.151393326847625,,856.0,2388.75,5.057231801643423,0,15,1,,0.0,1.0,,0.0,0.0,0.0,1711.5386249196808,,,814.5085197967138,1778.1054832330467,1711.5386249196808,1331.3206378201698,1322.4672986657845,1232.803668500371
